rank,firm,location,stage,thesis,check,class,mit_person,role,recent_proof,proof_url,contact_email,contact_status,confidence,tier,firm_model,authority_summary,fin9_relevance
1,MileMark Capital,Cambridge US,Pre-seed / Seed,Applied AI: scalable businesses differentiated and defended by proprietary AI systems models and data,Not publicly disclosed,A,Sebastian Barriga + Adela Jamal,Co-Founders & Managing Partners,MIT Sloan official source: applied-AI venture fund; portfolio includes Lamarr.AI and catalan.ai (pre-seed investor),https://mitsloan.mit.edu/alumni/adela-jamal-sfmba-22-and-sebastian-barriga-sfmba-22,adela@milemark.capital (Adela verified; Sebastian unavailable),APOLLO PARTIAL,CONFIRMED,M1,Firm-led applied-AI venture fund,Sebastian Barriga + Adela Jamal — co-founders / managing partners,Open applied-AI route
2,Tectonic Ventures,Newton US,Pre-seed / Seed / Series A,Applied AI spinouts; MIT-linked company formation; fintech and AI career span,Not publicly disclosed,A,Matthew Rhodes-Kropf,Founding Managing Partner,Official site: MIT Sloan professor teaching entrepreneurial finance with a focus on AI; leads an MIT incubator launching companies across Harvard and MIT; OmniML (acq NVIDIA) Voyage AI (acq MongoDB) Butlr Eigen AI (acq Nebius),https://www.tectonicventures.com/,matt@tectonicvc.com,APOLLO VERIFIED (domain flag C15),CONFIRMED,M1,Firm-led venture fund / spinout route,Matthew Rhodes-Kropf — founding managing partner,Applied-AI fit; email domain unresolved
3,E14 Fund,Cambridge US,Pre-seed / Seed / Series A,MIT-affiliated AI and deep tech; from MIT and beyond,50K-250K pre-seed; 1M-5M for larger rounds,A,Habib Haddad + Calvin Chin,Founding Managing Partner; Managing Partner,Official pre-seed page: up to $250K no-cap no-discount SAFEs; rolling applications; larger 1-5M pre-seed seed or series A applications open,https://www.e14.vc/preseed-funding,habib@e14fund.com + calvin@e14fund.com,APOLLO VERIFIED,CONFIRMED,M1,MIT-affiliated venture fund,Habib Haddad + Calvin Chin — managing partners,MIT ecosystem and deep-tech fit must be cleared
4,Alumni Ventures (Castor Fund),Manchester US,Seed / multi-stage,MIT alumni-affiliated venture fund; co-invests alongside well-known VC firms,50K-500K per deal,A,Chris Sklarin,Managing Partner Castor Fund,Official AV page: SB Electrical Engineering MIT; deployed $120M+ across stages; portfolio over 150 companies incl Groq Unlearn AI RapidSOS,https://www.av.vc/people/chris-sklarin,chris@av.vc,APOLLO VERIFIED,CONFIRMED,M2,Affiliate fund within Alumni Ventures,"Chris Sklarin — managing partner, Castor Fund",AI/data fit; open submission route
5,E62 Ventures,Cambridge US,Pre-seed / Seed,MIT-alumni founded and led; first partner for early-stage MIT-affiliated startups,Not publicly disclosed,A,Christina Ho,Partner,Official team page: founded and led by MIT alumni; pre-seed and seed MIT-affiliated startups; Themis AI in portfolio,https://www.e62ventures.com/our-team,christina@e62ventures.com,APOLLO VERIFIED,CONFIRMED,M2,MIT-alumni venture fund,Christina Ho + Robert Lindeen — partner-level route,MIT-affiliated startup requirement
6,Link Ventures,Kendall Square US,Pre-seed / Seed / Series A,AI-native venture firm for technical founders from MIT Harvard and Boston; incubation plus capital,Not publicly disclosed,C,Leadership team,Fund,"Official site: invests in technical founders building disruptive AI technologies; 40,000 sqft incubator space; 75% of founding teams have Harvard or MIT ties",https://www.linkventures.com/,Not found (firm route),NOT FOUND,CONFIRMED,M3,AI-native venture firm and incubator,Leadership team — individual owner not identified,MIT/Boston technical-founder route; individual authority not assigned
7,Antartica Ventures,Santiago / international,Pre-seed / Seed,International early-stage bridge for MIT-linked founders,Not publicly disclosed,A,Javier Gotschlich,Partner,E62 partner and international early-stage investor per Apollo employment history,https://www.linkedin.com/in/javiergotschlich,jgotschlich@antarticaventures.com,APOLLO VERIFIED,CONFIRMED,M3,International early-stage bridge,Javier Gotschlich — partner route,International bridge; current firm authority needs first-party confirmation
8,MIT Alumni Angels of Boston,Boston US,Seed,MIT-affiliated startups in the Northeast actively raising seed financing,Angel checks per member,C,Wan Li Zhu + Ishan Sachdev,Organizers,Official site: quarterly pitch events; 200+ investors in the Boston chapter; companies presented since 2015 have gone on to raise over $1B,http://www.mitalumniangels.com/investors,Not published in public edition + Not published in public edition,PUBLIC DIRECTORY (LinkedIn not verified),CONFIRMED,M3,"Angel network, not a conventional VC fund",Wan Li Zhu + Ishan Sachdev — organizers,Pitch access only; no individual cheque authority established
9,SBXi,Cambridge US,Pre-seed / Seed,MIT-graduate founders only; SAFE and priced-round matching,10K-100K SAFE; 100K-1M match,A,Sponsors,Fund,Official site: exclusively MIT graduates; decisions in 7 days for SAFEs; backed by Accel Polaris GETTYLAB General Catalyst Pillar Danaher Underscore Glasswing,https://www.sbxi.com/,public application form,PUBLIC ROUTE,CONFIRMED,X1,MIT-graduate-founder-only venture route,Sponsor team — individual authority not published,Hard exclusion unless Fin9 meets MIT-graduate-founder gate
