rank,person,firm,role,cornell_connection,cornell_detail,ai_evidence,linkedin,email,verification,access_route,confidence,authority_class,firm_status,fin9_relevance,target_lane
1,Brad Svrluga,Primary Venture Partners,Co-Founder & Managing Partner,A+C,Cornell Tech speaker series; cofounded High Peaks Venture Partners focused on upstate NY and Cornell innovation,Thesis: AI embedded into real workflows to turn judgment and execution into durable software advantages,http://www.linkedin.com/in/bradsvrluga,brad@primary.vc,APOLLO VERIFIED,Warm intro via Cornell Tech speaker circuit; direct apply at primary.vc,CONFIRMED,Firm co-founder / current decision-maker,Current decision-maker,Strong workflow thesis; US entity and stage gate,Priority
2,Aaron Holiday,645 Ventures,Co-Founder & Managing Partner,A+C,First Managing Entrepreneurial Officer at Cornell Tech; current Cornell Tech Council member (appointed Oct 12 2020); built campus Studio culture with Greg Pass,Official 645 focus list includes AI Infra / DevTools; led FiscalNote (IPO) Spiketrap (acq Reddit) FLY Labs (acq Google),http://www.linkedin.com/in/aholidayiii,aaron@645ventures.com,APOLLO VERIFIED,Cornell Tech Council and Studio network; direct apply at 645ventures.com,CONFIRMED,Firm co-founder / current decision-maker,Current decision-maker,AI infrastructure fit; US entity and stage gate,Priority
3,Micah Rosenbloom,Founder Collective,Managing Partner,A+C,BS Cornell University; MBA Harvard; teaches Thinking Like a VC at Cornell Tech,Led investments in Verkada Talos Lovevery Tropic; writes on AI startups and B2B,http://www.linkedin.com/in/micah-rosenbloom-a0350,micah@foundercollective.com,APOLLO VERIFIED,Cornell Tech class network; founder-friendly pre-seed firm,CONFIRMED,General Partner,Current investment decision-maker,Pre-seed fit; US entity gate,Priority
4,Jenny Fielding,Everywhere Ventures,Co-Founder & Managing Partner,C,Adjunct professor at Columbia University and Cornell Tech; former Techstars Managing Director,Pre-seed investor; first money into 300+ companies; AI-first thesis across the portfolio,http://www.linkedin.com/in/jennyfielding,j@everywhere.vc,APOLLO VERIFIED,Cornell Tech teaching network; open application at everywhere.vc,CONFIRMED,Firm co-founder / current decision-maker,Current decision-maker,Global pre-seed and India AI-agent evidence,Priority
5,Dan Stoller,Red Bear Ventures,Managing Partner,B/D,Cornell 93 (per firm announcement); co-leads the Cornell-founder investment network,"RBV portfolio includes Tough Day AI (pre-seed Mar 2025) and Mustard (AI coaching, seed Aug 2025)",http://www.linkedin.com/in/danielstoller,dan@redbear.vc,APOLLO VERIFIED,Public founder application at redbear.vc; reviewed within two weeks,CONFIRMED,Network co-lead / managing partner,SPV route owner; not a conventional fund,Cornell affiliation required; deal-by-deal SPV route,Conditional
6,Gus Warren,Red Bear Ventures,Co-Founder,B/D,Cornell 94 (per firm announcement); co-leads the Cornell-founder investment network,Same RBV portfolio evidence as Dan Stoller,http://www.linkedin.com/in/guswarren,gus@redbear.vc,APOLLO VERIFIED,Public founder application at redbear.vc,CONFIRMED,Network co-founder,SPV route owner; not a conventional fund,Cornell affiliation required; deal-by-deal SPV route,Conditional
7,Marlon Nichols,MaC Venture Capital,Co-Founder & Managing General Partner,B,Cornell Johnson MBA 2011; Roy H Park Leadership Fellow; led the $1.2M BR Venture Fund,Portfolio includes Pipe and Gimlet Media; MaC thesis on culture and enterprise AI,http://www.linkedin.com/in/marloncnichols,marlon@macventurecapital.com,APOLLO VERIFIED,Johnson alumni network; MaC open submission for pre-seed and seed companies,CONFIRMED,Firm co-founder / current decision-maker,Current decision-maker,AI and seed fit; US entity gate,Priority
8,Dez Fleming,FirstMark Capital,Principal,A,BS Applied Economics & Management Dyson School Cornell cum laude; concentrations finance and entrepreneurship,Writes and podcasts on AI in capital markets and fintech workflows; OpenYield Understory Finley Basic Capital,NOT FOUND (not Apollo-verified; do not guess),dez@firstmark.com,APOLLO VERIFIED (email only),Dyson alumni network; FirstMark founder introductions,CONFIRMED,Principal,Investment professional; firm-wide authority not established,AI/fintech overlap; current mandate to confirm,Secondary
9,Rebecca Mitchem,Neotribe Ventures,Partner & COO,A,Cornell BS (per prior record; degree program not re-verified in this wave),Board/observer at Auquan (GenAI for financial services) ThetaLake Menlo Security; JPMorgan private equity background,http://www.linkedin.com/in/rebecca-mitchem-cfa-79231aa,rebecca@neotribe.vc,APOLLO VERIFIED,AI-finance thesis is the closest fund-level match to Fin9,CONFIRMED,Partner & COO,Partner-level investment/operating authority,AI-finance fit; Cornell tie and geography to confirm,Conditional
